residue_index,chain,insertion_code,residue_name,binding_probability
502,A,,PRO,0.000564
503,A,,PRO,0.000355
504,A,,LEU,0.000596
505,A,,HIS,0.002569
506,A,,ASP,0.003117
507,A,,PHE,0.007877
508,A,,TYR,0.086651
509,A,,CYS,0.000798
510,A,,SER,0.117749
511,A,,ARG,0.030044
512,A,,LEU,0.002042
513,A,,LEU,0.000613
514,A,,ASP,0.001805
515,A,,LEU,4.9e-05
516,A,,VAL,9e-05
517,A,,PHE,0.000119
518,A,,LEU,9.9e-05
519,A,,LEU,0.000335
520,A,,ASP,0.007869
521,A,,GLY,7.3e-05
522,A,,SER,0.019002
523,A,,SER,0.140336
524,A,,ARG,0.469417
525,A,,LEU,0.012305
526,A,,SER,0.100007
527,A,,GLU,0.010567
528,A,,ALA,0.004578
529,A,,GLU,0.012458
530,A,,PHE,5e-05
531,A,,GLU,0.000309
532,A,,VAL,0.000344
533,A,,LEU,8.2e-05
534,A,,LYS,0.000778
535,A,,ALA,0.000654
536,A,,PHE,0.000229
537,A,,VAL,8.3e-05
538,A,,VAL,0.000493
539,A,,ASP,0.002179
540,A,,MET,0.000157
541,A,,MET,0.000207
542,A,,GLU,0.043264
543,A,,ARG,0.026478
544,A,,LEU,0.00161
545,A,,ARG,0.641597
546,A,,ILE,0.12492
547,A,,SER,0.346192
548,A,,GLN,0.550978
549,A,,LYS,0.66454
550,A,,TRP,0.094962
551,A,,VAL,0.000632
552,A,,ARG,0.314266
553,A,,VAL,8.6e-05
554,A,,ALA,0.000198
555,A,,VAL,6.6e-05
556,A,,VAL,0.000143
557,A,,GLU,0.000428
558,A,,TYR,0.008814
559,A,,HIS,0.000566
560,A,,ASP,0.225781
561,A,,GLY,0.121029
562,A,,SER,0.002922
563,A,,HIS,0.122921
564,A,,ALA,0.009279
565,A,,TYR,0.011229
566,A,,ILE,0.001287
567,A,,GLY,0.152509
568,A,,LEU,0.008417
569,A,,LYS,0.590054
570,A,,ASP,0.25228
571,A,,ARG,0.72154
572,A,,LYS,0.620627
573,A,,ARG,0.696518
574,A,,PRO,0.284884
575,A,,SER,0.274449
576,A,,GLU,0.150603
577,A,,LEU,0.001447
578,A,,ARG,0.004786
579,A,,ARG,0.046497
580,A,,ILE,0.005661
581,A,,ALA,9.4e-05
582,A,,SER,0.006468
583,A,,GLN,0.010863
584,A,,VAL,0.000156
585,A,,LYS,0.003069
586,A,,TYR,0.003884
587,A,,ALA,0.004334
588,A,,GLY,0.060304
589,A,,SER,0.024504
590,A,,GLN,0.529838
591,A,,VAL,0.216676
592,A,,ALA,0.011363
593,A,,SER,0.239167
594,A,,THR,0.028084
595,A,,SER,0.318566
596,A,,GLU,0.244712
597,A,,VAL,0.002467
598,A,,LEU,0.000317
599,A,,LYS,0.83084
600,A,,TYR,0.234106
601,A,,THR,0.000443
602,A,,LEU,0.68583
603,A,,PHE,0.875927
604,A,,GLN,0.48583
605,A,,ILE,0.07574
606,A,,PHE,0.093352
607,A,,SER,0.799443
608,A,,LYS,0.754689
609,A,,ILE,0.350781
610,A,,ASP,0.735536
611,A,,ARG,0.790418
612,A,,PRO,0.406022
613,A,,GLU,0.300431
614,A,,ALA,0.00241
615,A,,SER,0.012791
616,A,,ARG,0.242734
617,A,,ILE,0.000311
618,A,,ALA,0.000163
619,A,,LEU,0.000134
620,A,,LEU,0.000139
621,A,,LEU,8.5e-05
622,A,,MET,0.002051
623,A,,ALA,0.001853
624,A,,SER,0.279669
625,A,,GLN,0.794693
626,A,,GLU,0.399125
627,A,,PRO,0.716356
628,A,,GLN,0.84461
629,A,,ARG,0.868807
630,A,,MET,0.384715
631,A,,SER,0.475044
632,A,,ARG,0.882131
633,A,,ASN,0.817463
634,A,,PHE,0.065238
635,A,,VAL,0.701581
636,A,,ARG,0.889777
637,A,,TYR,0.814766
638,A,,VAL,0.000788
639,A,,GLN,0.671561
640,A,,GLY,0.748483
641,A,,LEU,0.007956
642,A,,LYS,0.664965
643,A,,LYS,0.791707
644,A,,LYS,0.762357
645,A,,LYS,0.176086
646,A,,VAL,0.002543
647,A,,ILE,0.009635
648,A,,VAL,0.000165
649,A,,ILE,0.000726
650,A,,PRO,0.000764
651,A,,VAL,0.000385
652,A,,GLY,0.026575
653,A,,ILE,0.001069
654,A,,GLY,0.020005
655,A,,PRO,0.740421
656,A,,HIS,0.75631
657,A,,ALA,0.355172
658,A,,ASN,0.693129
659,A,,LEU,0.671788
660,A,,LYS,0.832368
661,A,,GLN,0.401813
662,A,,ILE,0.001088
663,A,,ARG,0.716626
664,A,,LEU,0.512416
665,A,,ILE,0.00026
666,A,,GLU,0.040048
667,A,,LYS,0.707616
668,A,,GLN,0.668398
669,A,,ALA,0.12598
670,A,,PRO,0.145101
671,A,,GLU,0.027806
672,A,,ASN,0.000948
673,A,,LYS,0.017271
674,A,,ALA,0.005418
675,A,,PHE,0.004214
676,A,,VAL,0.161084
677,A,,LEU,0.004479
678,A,,SER,0.449769
679,A,,SER,0.006805
680,A,,VAL,0.000303
681,A,,ASP,0.000421
682,A,,GLU,0.003052
683,A,,LEU,9.8e-05
684,A,,GLU,0.000847
685,A,,GLN,0.001236
686,A,,GLN,0.000486
687,A,,ARG,0.001841
688,A,,ASP,0.000706
689,A,,GLU,0.000547
690,A,,ILE,0.000157
691,A,,VAL,0.000115
692,A,,SER,0.000179
693,A,,TYR,0.001274
694,A,,LEU,0.000105
695,A,,CYS,9.8e-05
696,A,,ASP,0.000623
697,A,,LEU,0.00046
698,A,,ALA,0.000354
699,A,,PRO,0.000601
700,A,,GLU,0.023192
701,A,,ALA,0.030191
702,A,,PRO,0.031549
